{
  "train_loss": [
    0.5163647929042068,
    0.434177554289814,
    0.4154575861332759,
    0.4002464741704021,
    0.3827634027156591,
    0.3692745382803074,
    0.36011952868563385,
    0.35232510815260437,
    0.34441352346040827,
    0.3410484867958212,
    0.3376724372503786,
    0.33329139131566754,
    0.33085097492290894,
    0.3284013593110485,
    0.32513932752200897,
    0.32381530630258704,
    0.3222425145358436,
    0.3198836461907162,
    0.3184251884030416,
    0.31646591907904553
  ],
  "train_recon_loss": [
    0.46578576697505353,
    0.3868693371692351,
    0.36566387523304333,
    0.3493734467406518,
    0.33234098170821375,
    0.31852949225148663,
    0.3089411603642704,
    0.30086189471136127,
    0.2926134114719348,
    0.28777323784956976,
    0.28345493275343353,
    0.2786885658782147,
    0.2764479343206358,
    0.2727444298535939,
    0.26959370449676184,
    0.2675580946196052,
    0.26590315885694604,
    0.2635772066271823,
    0.26155512488406635,
    0.2594911625930286
  ],
  "train_kl_loss": [
    5.0579026346935425,
    4.730821810221013,
    4.979371207190754,
    5.087302816401043,
    5.042242185871592,
    5.074504706228203,
    5.117836959434278,
    5.146321464433029,
    5.180011320491082,
    5.32752496216137,
    5.421750596389469,
    5.460282653059727,
    5.440304181321336,
    5.565693036369655,
    5.554562461863079,
    5.625721209919343,
    5.633935677989513,
    5.630644069201704,
    5.687006487362627,
    5.697475767575391
  ],
  "val_loss": [
    0.40883017987267584,
    0.3904430839495781,
    0.3695157548555961,
    0.35770529763311404,
    0.3443774130099859,
    0.3336158313302912,
    0.3257266424405269,
    0.3218689950612875,
    0.31896507778228855,
    0.3159165458801465,
    0.3102255486525022,
    0.30855193734169006,
    0.30605747722662413,
    0.30534004617450583,
    0.3022822598871003,
    0.30478405022723043,
    0.3026528638652247,
    0.29880135933048707,
    0.29701204750782406,
    0.29815781358470267
  ],
  "val_recon_loss": [
    0.368646024638771,
    0.33982672166620564,
    0.3275969013189658,
    0.3134673823658218,
    0.3003938135683027,
    0.2882963597265064,
    0.27948572238286334,
    0.27073378453397345,
    0.2709349998806277,
    0.26794895848147887,
    0.26195630660423863,
    0.25510165069857216,
    0.2558375888655328,
    0.2536717728417144,
    0.25273476197169376,
    0.2528904112231018,
    0.2500909127486058,
    0.24909256768022847,
    0.24487867658464318,
    0.2429420712411913
  ],
  "val_kl_loss": [
    4.018415685392853,
    5.061636072957618,
    4.19188551311819,
    4.423791555257944,
    4.39836016883198,
    4.531947123698699,
    4.624092106126312,
    5.113521072599623,
    4.803007983753824,
    4.796758822905711,
    4.826924301620222,
    5.345028871145004,
    5.021988960412832,
    5.166827485092685,
    4.954749967297937,
    5.1893639829423694,
    5.256195178398719,
    4.970879194064018,
    5.213337134092282,
    5.521574362730369
  ]
}