{
  "train_loss": [
    0.8491411636312332,
    0.7719212950296866,
    0.7459086954043945,
    0.7212857038607239,
    0.7055006364902803,
    0.6971046720019128,
    0.6896122189064428,
    0.6841452409156227,
    0.6766956511379387,
    0.6720099829637958,
    0.6655071324746128,
    0.6607381095999314,
    0.656327245420775,
    0.6512745813575815,
    0.6479581455860841,
    0.6438799118414541,
    0.638195718072934,
    0.6353663587366011,
    0.633062263997333,
    0.6309677223835695
  ],
  "train_recon_loss": [
    0.8030917254204178,
    0.7198825707862814,
    0.6891201723548578,
    0.6630154611721969,
    0.6462799016980157,
    0.6363084108933158,
    0.6273830170216768,
    0.6203494618532686,
    0.6121313659491432,
    0.6058145104189635,
    0.5986252564136847,
    0.5931438330919218,
    0.5869983892509902,
    0.5814040107689357,
    0.5761563314201018,
    0.5702325497926931,
    0.5640300248058732,
    0.5599087488117268,
    0.5562134066275143,
    0.5532206949116527
  ],
  "train_kl_loss": [
    4.604943958509895,
    5.203872464862266,
    5.678852473323053,
    5.827024209169531,
    5.922073465719211,
    6.079626203996862,
    6.222920324177296,
    6.379578081201345,
    6.456428600708329,
    6.619547407931804,
    6.688187733626334,
    6.759427678757819,
    6.932885748595588,
    6.987057118547764,
    7.180181503924143,
    7.364736406856532,
    7.416569556486309,
    7.545761218969373,
    7.684885920272043,
    7.7747029667629395
  ],
  "val_loss": [
    0.7166414974082229,
    0.6880478089691228,
    0.6713345809879466,
    0.6540111445973062,
    0.6429314840043712,
    0.6388506670283456,
    0.6335928755947667,
    0.62845988635324,
    0.6269166808352511,
    0.6201836071972154,
    0.614029148959706,
    0.6140971415572696,
    0.6101884566820585,
    0.6080185011920766,
    0.6016459686633868,
    0.598851618094322,
    0.5968725908006358,
    0.595750505852903,
    0.5949301067580525,
    0.5935373950717796
  ],
  "val_recon_loss": [
    0.6668228211565914,
    0.6399657334017957,
    0.6155511395544069,
    0.6059014771738623,
    0.5868743148624388,
    0.5804764872942215,
    0.5744486198975489,
    0.5705180308248243,
    0.5646755132410262,
    0.5538016654487349,
    0.5554780096579821,
    0.5522181638795086,
    0.5392386482821571,
    0.5423725132758801,
    0.5360318480903267,
    0.5292616478907757,
    0.5287519209405296,
    0.5234384406835605,
    0.5248393243194646,
    0.5192467967669169
  ],
  "val_kl_loss": [
    4.981867417311057,
    4.808207304049761,
    5.578344383810321,
    4.810966699551313,
    5.605717400200347,
    5.837417724805,
    5.914425715422019,
    5.794185719938359,
    6.224116875575139,
    6.638194190131293,
    5.855113954625578,
    6.187898081592006,
    7.094981054974418,
    6.564598780411941,
    6.561412314064483,
    6.958997367793678,
    6.812067186730539,
    7.231206437461396,
    7.0090784007667475,
    7.429060202378493
  ]
}